userId,movieId,rating
1,1208348,7.9
1,1193501,6.0
1,561362,5.6
1,434853,5.6
1,10867,7.4
1,115724,6.2
1,845781,5.2
1,1470130,5.5
1,1511417,6.9
1,102651,7.4
1,1184918,7.1
1,284053,8.2
1,89059,5.2
1,1592032,4.6
1,1497970,5.2
1,1192548,5.9
1,77,8.9
1,524047,6.8
1,9552,6.5
1,896286,1.0
1,1064213,7.5
1,62201,5.6
1,575265,7.2
1,149218,6.5
1,11235,6.5
1,674,6.7
1,226857,7.5
1,812,9.0
1,1156594,7.1
1,787,7.7
1,1083637,8.0
1,1124,8.2
1,38575,5.9
1,861,6.4
1,261639,1.6
1,87101,6.6
1,1084187,8.0
2,1734,7.8
2,934433,8.1
2,578,8.7
2,228150,7.2
2,552524,6.0
2,1234821,6.5
2,1419406,6.3
2,104308,5.8
2,2288,5.7
2,23683,5.7
2,481526,1.3
2,1072699,5.8
2,646380,7.1
2,624860,7.3
2,1175942,8.6
2,157336,8.0
2,603,8.4
2,423108,4.9
2,240832,4.3
2,1824,6.4
2,76341,8.8
2,967941,7.7
2,1262,7.7
2,155,9.0
2,109445,8.4
2,1154538,8.2
2,91314,5.6
2,79871,5.7
2,546554,6.9
2,438148,6.7
3,102382,6.1
3,533535,9.1
3,524,8.3
3,572802,5.9
3,604,6.0
3,1383247,4.8
3,1083637,5.6
3,1317672,5.0
3,242582,8.9
3,519465,8.3
3,138843,8.8
3,254472,5.0
3,363088,7.0
3,1019361,1.0
3,694,9.7
3,16859,6.6
3,617126,5.7
3,679,8.5
3,498731,1.0
3,1403735,3.6
3,1368337,1.0
3,1292695,6.2
3,8392,7.4
3,129,8.0
3,2288,6.1
3,102651,7.5
3,423,8.2
3,240832,4.9
3,396422,7.5
3,101,8.5
3,1171145,5.9
3,9475,9.8
3,377,7.5
3,426063,9.4
4,75656,6.4
4,604,7.3
4,263115,7.2
4,402431,6.0
4,896286,1.2
4,384018,5.9
4,773543,5.8
4,249397,7.8
4,954,6.0
4,62177,6.1
4,1284120,7.7
4,181812,6.0
4,353081,7.7
4,273481,7.3
4,4935,7.7
4,811677,1.0
4,578,8.0
4,1317672,2.9
4,291805,7.4
4,333339,8.0
4,1035259,6.5
4,575265,7.0
4,1280738,1.0
4,140607,6.6
4,284054,9.2
4,1078605,8.1
4,316351,4.0
4,1295400,6.9
5,381288,6.7
5,76493,4.0
5,1220564,6.8
5,945961,7.8
5,1362514,4.9
5,889737,5.4
5,408,6.3
5,50646,8.4
5,1451398,2.0
5,1259102,7.0
5,1072699,6.7
5,497,7.4
5,339331,6.7
5,337167,7.0
5,324544,6.8
5,284054,7.3
5,309768,1.3
5,1266992,7.2
5,481526,1.0
5,687163,7.9
5,18491,7.9
5,957119,6.0
5,35,6.3
5,545611,9.0
5,916224,7.7
5,940721,6.0
5,1865,6.3
5,1151031,8.4
5,96712,5.8
5,120,8.8
5,424,8.5
5,308624,5.3
5,372058,8.4
5,177572,7.4
5,11851,6.4
5,862,7.8
5,1163974,8.0
5,162,7.9
5,1054867,8.3
5,11152,6.2
5,117389,4.8
5,588228,6.9
5,38700,9.4
5,45933,3.9
5,1448560,5.1
5,1083637,6.6
5,76341,7.7
5,939243,8.3
6,389,7.0
6,1589891,6.7
6,207,7.5
6,309768,1.9
6,254,6.7
6,84060,3.3
6,1064213,6.4
6,1066313,7.8
6,76493,5.2
6,862,8.2
6,93077,4.5
6,334543,8.1
6,767,7.5
6,598,7.9
6,1427832,7.6
6,6844,6.8
6,9820,7.1
6,787,4.0
6,812583,6.5
6,953,8.2
6,1284120,8.9
6,696506,5.8
6,411,5.6
6,701387,6.1
6,1643729,10.0
6,324552,8.1
6,28322,5.9
6,197,7.8
6,1241470,4.7
6,1054867,5.8
6,278,7.6
6,508442,10.0
6,1195506,7.4
6,1634301,7.9
6,37165,8.3
6,1389149,3.6
6,1376434,5.1
7,1078605,8.7
7,73861,5.1
7,933260,6.8
7,62201,5.5
7,137051,5.7
7,434853,5.4
7,453395,5.6
7,1214931,7.6
7,429617,6.8
7,866398,8.1
7,718930,7.7
7,329,8.4
7,1480295,6.7
7,2062,7.1
7,539972,7.1
7,1419406,7.4
7,137113,7.0
7,1408208,7.1
7,1601243,6.6
7,809,8.0
7,568124,6.5
7,238,8.1
7,854,7.4
7,181808,6.3
7,1124015,1.0
7,49051,7.6
7,872,7.7
8,114,8.0
8,1097549,4.7
8,932852,6.1
8,19995,6.3
8,447332,7.8
8,13012,8.6
8,313369,8.2
8,244786,7.2
8,515771,2.0
8,396535,6.9
8,391706,1.8
8,974576,9.7
8,436270,5.7
8,41787,3.2
8,76338,5.6
8,1949,8.3
8,1163974,7.4
8,269149,6.9
8,283995,8.0
8,109445,6.7
8,11235,6.2
8,11851,6.2
8,860410,9.6
8,2109,6.6
8,245700,8.3
8,810693,8.0
8,83533,5.9
9,862739,6.1
9,1865,7.8
9,296096,9.4
9,1015998,4.9
9,1296462,5.2
9,637649,8.3
9,602,5.9
9,1199193,6.7
9,568124,6.3
9,508883,7.6
9,950387,4.5
9,110323,5.3
9,47971,4.9
9,585,8.0
9,4248,4.8
9,4951,6.1
9,508943,8.8
9,1119449,8.5
9,411,7.8
9,1088434,7.2
9,593643,7.9
9,56292,7.9
9,1326106,6.2
9,1439112,5.0
9,119450,6.6
9,424783,7.7
9,1058710,7.4
9,19404,9.3
9,696393,6.6
9,9737,5.9
9,278154,7.1
9,671,8.6
9,68721,5.1
9,68726,6.6
9,16090,5.7
9,1234821,5.2
9,1629382,7.3
9,77338,7.9
9,1630433,7.9
9,533535,5.5
9,585511,6.9
10,286687,6.1
10,374720,7.2
10,120,8.1
10,2501,7.6
10,309768,3.6
10,13,9.9
10,745,7.5
10,297090,5.2
10,10950,7.7
10,4247,6.1
10,10193,6.8
10,11152,5.2
10,672,7.8
10,1191876,1.0
10,1284460,8.2
10,281957,8.4
10,424783,7.1
10,24428,9.7
10,254023,4.2
10,640146,7.0
10,1306368,7.9
10,377,7.6
10,1572073,4.2
10,385128,7.0
10,1071585,8.3
10,62201,5.6
10,1389149,5.1
10,617126,6.9
10,31393,2.5
11,969681,1.0
11,1275779,1.0
11,226857,7.4
11,1241752,4.9
11,372058,7.8
11,70981,7.1
11,77338,8.4
11,811677,1.0
11,1197137,6.9
11,481526,1.0
11,324544,5.4
11,580489,7.2
11,62,10.0
11,533967,2.2
11,59,6.1
11,55663,5.6
11,917496,6.9
11,98085,4.8
11,620,8.6
11,162,8.5
11,9820,6.4
11,533533,7.2
11,4233,5.5
11,723355,5.0
11,49051,8.1
11,170,6.0
11,429,7.9
11,447332,6.5
11,77,6.7
12,436270,5.7
12,1015606,8.1
12,1865,4.5
12,1498780,10.0
12,1252309,5.8
12,207703,8.5
12,484641,6.1
12,573,6.8
12,507086,6.1
12,568124,7.2
12,5879,6.3
12,896286,1.0
12,11688,7.6
12,41446,6.1
12,49026,6.9
12,291805,6.6
12,447277,5.9
12,117878,6.2
12,893694,5.5
12,866398,10.0
12,280,10.0
13,1497970,7.3
13,974576,6.2
13,2061,5.0
13,1242501,6.3
13,12155,6.1
13,176,8.0
13,38757,7.1
13,263115,7.0
13,1429605,6.5
13,87101,4.2
13,1108427,1.0
13,1198994,8.9
13,197,7.3
13,1280282,6.8
13,1511789,6.4
13,1412598,5.7
13,10830,7.2
13,1579,8.2
13,569094,9.0
13,1582770,8.2
13,1482474,1.2
13,1325734,7.2
13,671,7.8
13,38700,4.4
13,104308,5.7
13,484641,6.9
13,1949,7.5
13,1448560,7.0
13,101299,7.4
13,1043197,8.4
13,1154538,9.7
13,1383247,5.0
13,273481,7.3
13,475557,8.8
13,91314,5.6
13,284054,6.0
13,1314481,1.0
13,24,7.4
14,245891,8.2
14,141052,5.2
14,1022787,7.9
14,423108,5.4
14,950396,8.7
14,1824,8.3
14,938150,6.3
14,335787,7.2
14,99861,4.4
14,1588846,6.6
14,1265,8.7
14,120,8.5
14,841,5.4
14,273481,6.6
14,1284120,6.8
14,1197306,6.8
14,59,8.6
14,1195506,5.4
14,508883,7.2
15,420817,7.0
15,860410,10.0
15,1198994,7.5
15,181808,6.2
15,619979,6.4
15,290098,8.4
15,11688,7.9
15,49521,6.7
15,260513,7.0
15,8966,6.8
15,209112,4.7
15,1376434,8.7
15,4233,6.0
15,84060,2.8
15,1084244,1.0
15,495764,6.8
15,1327688,8.6
15,291805,5.7
15,698687,7.4
15,296096,7.3
15,198663,7.7
15,44214,8.3
15,254023,3.8
15,588,7.4
15,101307,6.4
15,299537,8.0
15,68721,8.2
15,10882,7.6
15,31393,4.3
15,62177,6.3
15,420818,7.5
15,3933,6.4
15,38700,6.9
15,861,7.2
15,59,7.6
15,4232,8.5
16,27205,10.0
16,1316092,6.3
16,3933,8.9
16,466478,1.0
16,176,8.0
16,424,9.4
16,1033148,6.6
16,1297842,8.9
16,508943,8.9
16,593643,6.7
16,206647,6.1
16,681434,5.5
16,122917,6.3
16,1439112,6.0
16,1470130,5.2
16,1007734,7.2
16,866398,6.6
16,284053,8.3
16,1257009,7.3
16,484641,6.9
17,1180831,4.9
17,73861,5.8
17,508883,9.2
17,99861,8.2
17,812,6.5
17,335787,6.8
17,505642,8.0
17,811677,1.0
17,1084242,8.1
17,1368337,1.0
17,14161,5.7
17,346364,7.5
17,616037,5.0
17,8065,7.4
17,399566,7.1
17,1611398,7.0
17,481526,1.0
17,1510378,1.0
17,41787,5.3
17,436969,5.9
17,1314481,2.5
17,273481,7.0
17,1061474,7.0
17,557,8.8
17,9462,6.9
17,1195506,7.9
17,254472,4.7
17,389,9.3
17,10138,6.0
17,762441,5.6
17,366232,3.8
17,680493,6.8
17,563535,1.5
17,861,6.4
17,1064028,9.0
18,803796,9.4
18,1637319,9.0
18,1327819,7.0
18,1284460,6.4
18,24428,8.7
18,14537,8.5
18,38700,7.5
18,76341,8.5
18,269955,7.3
18,338953,6.8
18,969681,1.0
18,687163,8.8
18,1087891,6.4
18,1306368,6.2
18,284053,7.5
18,980477,8.2
18,396535,7.4
18,11583,8.0
18,320288,5.9
18,505642,6.1
18,374720,7.9
18,447277,6.0
18,381283,7.6
18,117878,4.9
18,1101383,1.2
18,698687,9.0
18,93077,5.8
18,1223601,8.9
18,604079,7.5
18,423765,1.0
18,14160,8.7
18,49444,7.3
18,953,7.7
18,745,8.5
18,1144107,9.8
18,541671,8.0
18,1199193,7.5
18,615656,8.4
18,1266127,6.8
18,574475,7.5
18,519182,7.0
18,436264,1.0
18,1376434,6.7
18,512200,7.2
18,1482474,1.0
18,1276704,5.5
18,1291335,7.5
18,10674,7.8
18,703221,1.6
18,44214,7.3
19,875828,8.3
19,36557,7.6
19,244786,9.4
19,1497970,4.8
19,1555895,6.0
19,1124015,1.0
19,484641,5.9
19,467905,6.9
19,1470130,6.6
19,640146,6.2
19,1241982,7.7
19,115,8.6
19,939243,5.7
19,203121,7.0
19,38365,8.3
19,787699,6.1
19,438631,8.9
19,423765,1.0
19,954,4.7
19,10198,8.6
19,1327862,7.9
19,1406657,6.3
19,1123287,7.7
19,37165,9.9
19,244748,7.8
19,74,7.5
19,5879,6.9
19,476651,5.5
19,117389,5.7
19,27205,9.0
19,603,8.6
19,424694,8.2
19,320288,5.0
20,9502,7.7
20,652,6.5
20,308624,5.4
20,621,7.2
20,1634301,7.4
20,138843,8.6
20,1108427,1.0
20,1151334,6.3
20,629,7.1
20,1363123,5.6
20,1584215,6.6
20,515771,3.7
20,65460,4.8
20,1726,7.9
20,2109,7.1
20,1495483,1.0
20,38757,7.5
20,941109,8.1
20,10198,7.2
20,460458,6.2
20,318256,5.3
20,165,5.8
20,36304,6.7
20,297762,7.1
20,1015998,5.6
20,1646142,6.4
20,1292695,5.3
20,646385,7.4
20,1401778,7.8
20,293167,7.4
20,9806,9.4
20,149218,7.0
20,280,8.8
20,1429605,6.0
20,481526,1.0
20,117389,2.5
20,1241982,5.1
20,10528,6.0
20,1271,5.4
20,1276171,1.9
20,500,8.3
21,49013,7.7
21,27,3.9
21,11688,6.2
21,566525,7.0
21,676,6.3
21,315837,7.4
21,860410,10.0
21,1213898,6.0
21,1305781,7.2
21,1422096,6.0
21,49521,6.6
21,495764,6.7
21,563535,1.0
21,510,7.0
21,481526,1.9
21,687163,8.0
21,646315,5.8
21,27205,8.1
21,37165,7.9
21,1276704,7.0
21,1241982,8.2
21,1029575,6.8
21,637649,5.2
21,1824,5.9
21,4232,8.6
21,209112,7.3
21,1412598,5.9
21,38700,7.1
21,1197306,6.9
21,1408208,5.6
21,604079,8.2
21,1119449,8.7
21,734286,8.5
21,216015,6.5
21,991494,7.2
21,673,9.2
21,244786,10.0
22,424694,7.2
22,508883,7.1
22,1366,8.6
22,1566269,7.4
22,109445,7.5
22,1124,9.7
22,377,7.3
22,99861,7.2
22,350,6.5
22,1643729,10.0
22,870028,7.0
22,524,7.7
22,4258,4.7
22,581528,8.1
22,14161,5.5
22,630,7.2
22,9898,4.0
22,1119449,8.8
22,56292,5.6
22,624860,5.3
22,1170608,1.0
22,119450,7.5
22,284052,6.9
22,701387,7.1
22,1253000,7.4
22,261639,3.6
22,102899,8.2
22,1276171,1.4
22,283827,4.1
22,290859,5.8
22,566525,7.3
22,1426964,5.3
22,259316,9.0
22,1003596,1.0
22,137051,4.7
22,776503,8.7
22,453,7.3
22,681434,8.7
22,76600,7.3
22,460458,4.3
22,1555895,6.9
22,101,8.3
22,1191876,1.0
22,31393,4.9
22,9462,7.0
22,399579,6.5
22,37165,8.7
22,181812,6.7
23,209112,6.3
23,346698,5.3
23,1466115,8.9
23,1265,9.6
23,1218925,8.6
23,495764,8.5
23,1228246,6.1
23,261639,1.0
23,657599,1.0
23,696393,6.1
23,329865,6.9
23,141,8.0
23,603692,7.0
23,1367763,6.8
23,696506,7.2
23,11152,7.4
23,1159559,8.0
23,114,7.4
23,254472,4.8
23,1646787,2.0
23,986056,7.7
23,297802,7.2
23,284276,6.8
23,476651,4.6
23,251,8.1
23,181808,7.0
23,29403,6.9
23,1724,4.3
23,38575,4.9
24,1592032,5.2
24,84060,5.5
24,447332,8.8
24,77,8.4
24,1589891,8.6
24,36304,4.3
24,1272837,7.9
24,497698,6.7
24,465109,4.9
24,920,8.8
24,1048923,7.2
24,9475,7.7
24,209112,7.5
24,693134,7.2
24,176,7.3
24,333339,9.5
24,507086,6.3
24,1280282,6.3
24,55663,6.0
24,577953,7.7
24,698508,9.8
24,496243,9.3
24,346698,7.4
25,1893,7.8
25,271110,9.2
25,1156594,6.2
25,1327819,7.3
25,1010581,7.8
25,701387,6.9
25,102651,5.3
25,497,8.0
25,545611,8.2
25,216015,5.5
25,372058,10.0
25,1419406,7.3
25,1087891,5.1
25,165,8.1
25,4935,7.3
25,38,8.0
25,434853,5.8
25,698687,9.0
25,9475,6.2
25,1771,9.1
25,602,6.2
25,1495,6.6
25,6844,6.6
25,762509,8.4
25,335787,4.8
25,246655,5.8
25,566525,6.6
25,12,7.6
25,106,7.1
25,1218925,8.6
25,581528,6.3
25,318256,5.4
25,1246945,1.0
25,309768,3.1
26,620,8.5
26,370172,8.0
26,1253000,6.7
26,969681,1.0
26,103,8.6
26,400928,6.6
26,801335,7.9
26,585511,8.4
26,110323,5.1
26,62029,3.5
26,77338,8.9
26,1273221,1.0
26,1084242,7.6
26,27205,7.4
26,481526,1.0
26,841,5.8
26,916224,9.3
26,604079,8.6
26,181808,6.8
26,447332,8.2
26,318256,6.1
26,607,6.0
26,1327688,8.1
26,1228246,6.1
26,580489,6.1
26,1317149,7.5
26,1054867,6.6
26,361743,7.4
26,1180831,5.8
26,616037,8.5
26,637649,7.1
26,564,7.7
26,176,7.7
26,105825,5.4
26,1287141,8.8
26,1865,6.6
26,2048,5.1
26,345,7.8
26,650524,4.8
26,673,7.4
26,1271,8.1
26,242,8.3
26,419430,8.8
26,524047,7.9
26,559,6.5
26,37799,7.7
27,137,9.2
27,566525,8.4
27,378584,7.0
27,1327819,8.3
27,62029,5.1
27,385128,6.5
27,1280282,7.8
27,1652947,7.3
27,1184918,8.2
27,1151334,5.6
27,810693,9.0
27,297762,7.0
27,546554,9.8
27,16415,6.7
27,620,8.3
27,1119878,4.9
27,1011985,8.1
27,218,10.0
27,694,8.1
27,940551,7.8
27,114891,2.9
27,1579,6.8
27,62,7.9
27,872585,8.3
27,635302,8.2
27,299054,4.7
27,4935,9.5
27,384018,4.9
27,862,6.8
27,53651,7.2
27,1422096,7.6
27,122,7.5
27,1195506,6.7
27,376867,7.1
27,141,7.9
27,72105,4.1
27,671,7.8
27,9479,7.6
27,693134,8.8
27,1083637,8.0
27,954,7.9
27,1632181,4.3
27,893694,4.7
27,312221,6.6
28,581528,7.4
28,49444,7.3
28,561362,7.9
28,12,7.8
28,408,7.0
28,99861,7.5
28,425274,6.2
28,1123287,6.6
28,77,10.0
28,374720,7.3
28,1495694,6.3
28,101299,7.7
28,539972,5.8
28,245700,7.0
28,1197137,6.5
28,602634,1.2
28,1048923,7.3
28,77338,7.2
28,402431,7.1
28,170,6.5
28,68726,8.7
28,10591,8.1
28,701387,7.2
29,1339876,6.7
29,1072699,6.0
29,1367642,7.4
29,798645,5.8
29,1097549,5.4
29,583198,4.8
29,9276,5.4
29,301528,8.9
29,807,8.6
29,1266992,4.1
29,149218,7.1
29,6844,7.8
29,1585,9.0
29,68718,7.7
29,629542,7.5
29,776503,6.6
29,207703,7.8
29,299534,8.2
29,117878,6.1
29,744275,7.8
29,251,6.7
29,1930,6.0
29,9502,7.7
29,703221,1.0
29,24,8.0
29,1015998,5.8
30,547012,5.8
30,1278101,8.9
30,1088434,5.2
30,11,9.6
30,577953,6.8
30,240832,6.4
30,1078605,7.7
30,567609,6.2
30,484641,5.9
30,675,5.8
30,1274089,1.0
30,1266990,6.9
30,840326,6.6
30,72190,7.3
30,1195506,6.8
30,6977,8.1
30,16869,9.6
30,9898,4.8
30,70981,8.4
30,703221,1.0
30,1443374,1.4
30,280,7.1
30,176,7.3
30,1048923,5.8
30,122917,7.2
30,769,7.7
30,8961,7.1
30,205596,7.1
30,1311031,8.5
30,507086,6.6
30,1482474,1.0
30,59210,6.1
30,387006,1.0
30,674,8.0
30,376867,7.3
30,424694,8.1
30,1171145,6.8
31,920,7.3
31,1317149,7.7
31,1314481,1.0
31,976573,6.4
31,934456,5.7
31,1637319,6.7
31,77338,9.5
31,557,6.4
31,84060,2.9
31,1234731,7.0
31,10591,6.2
31,1406657,6.1
31,438148,8.3
31,391706,1.0
31,161,6.2
31,436270,6.9
31,1088434,8.5
31,14836,8.8
31,39254,8.0
31,1824,6.8
31,117878,6.7
31,115,7.4
31,1294203,7.9
31,101307,5.3
31,1428862,6.2
31,1007734,6.3
31,1198994,7.3
31,286687,5.8
31,245891,8.1
31,2288,5.0
32,1257009,4.4
32,77,9.0
32,1276171,1.0
32,396535,8.7
32,810693,9.4
32,657599,1.0
32,73,8.0
32,46195,6.9
32,254023,6.1
32,1294203,8.0
32,744275,7.6
32,617126,5.6
32,436270,8.0
32,744,8.2
32,854,6.2
32,1319895,5.2
32,505642,6.9
32,293660,5.4
32,4234,5.8
32,1171145,7.4
32,577922,8.1
32,1278126,1.0
32,11324,10.0
32,1066313,7.8
32,51354,6.4
32,467905,8.6
32,72105,6.1
32,283995,7.3
32,1572073,3.8
32,1241470,5.7
32,121,8.9
32,1362315,5.7
32,4232,9.0
32,1295400,6.6
33,1280282,7.3
33,533535,8.4
33,391706,1.0
33,171776,3.2
33,755679,1.0
33,1406657,4.6
33,324544,6.4
33,1306368,5.0
33,13494,6.0
33,262267,3.0
33,166428,7.8
33,519465,7.4
33,920,6.1
33,353081,7.7
33,1429738,4.4
33,120,5.5
33,1035259,7.3
33,309768,1.0
33,11324,7.6
33,3933,7.0
33,77338,8.5
33,1011477,6.4
33,315837,7.3
33,299536,9.6
33,502356,5.7
33,1362514,2.4
33,102899,7.9
33,577953,6.8
33,537915,8.3
33,383498,5.6
33,25862,6.5
33,10674,7.0
33,423,8.3
33,37408,5.9
33,46195,7.6
34,117,9.5
34,89,9.3
34,565911,1.0
34,967941,6.9
34,1022787,8.1
34,948,7.4
34,1242419,5.3
34,875828,6.6
34,938150,6.5
34,539972,5.6
34,1469354,4.5
34,1408208,6.7
34,1634301,8.0
34,550,7.1
34,1424965,3.8
34,270303,6.3
34,244748,7.8
34,12444,7.4
34,1154538,7.2
34,335984,6.5
34,1470130,5.1
34,15856,7.2
34,429617,7.5
34,166426,8.4
34,64690,7.3
34,1208348,7.2
34,4232,6.8
34,1428862,6.4
34,9820,6.7
34,762509,6.6
34,119450,6.6
34,6844,9.5
34,76338,5.6
34,558449,6.3
34,916224,8.7
34,466272,7.7
34,508883,7.5
34,38700,7.3
34,1198994,6.6
34,1242501,6.2
35,604079,6.9
35,578,7.9
35,194,6.7
35,4951,8.7
35,1266992,7.5
35,1170608,1.0
35,1367642,6.1
35,6479,8.1
35,1440049,5.6
35,207703,8.4
35,465109,4.2
35,1258151,6.7
35,9820,7.0
35,932852,6.4
35,353081,7.8
35,363088,6.8
35,70345,5.7
35,1011477,5.3
35,1426297,6.5
35,436270,5.9
35,1611398,7.9
35,89059,7.0
35,3933,8.8
35,270946,5.6
35,791373,9.6
35,14638,6.0
35,1891,7.9
35,81,9.1
35,723355,1.9
35,1038392,9.1
35,508883,9.7
35,1265609,5.8
35,16090,5.8
35,1123287,6.2
35,444796,4.6
35,1199193,6.9
35,76338,6.2
35,93077,5.1
35,505642,6.4
36,176,8.2
36,1375831,7.0
36,11036,7.3
36,50646,7.9
36,38365,5.6
36,93685,6.3
36,1276171,1.0
36,698508,6.6
36,8681,7.7
36,335797,6.7
36,117878,4.7
36,999136,5.2
36,1087192,7.9
36,24,7.8
36,73,9.5
36,335983,8.5
36,333339,7.7
36,560016,6.8
36,787,7.3
36,598,9.6
36,16415,3.4
36,293660,8.0
36,348084,4.1
36,105,9.2
36,315162,8.1
36,755679,1.0
36,799882,5.2
36,205596,7.9
36,273477,6.2
36,312221,7.7
36,766507,7.0
36,56292,6.0
36,1115544,7.3
37,1440049,6.4
37,162,6.3
37,1217584,5.9
37,98,9.2
37,920,5.9
37,615,7.0
37,72824,5.2
37,941109,7.3
37,1427832,7.4
37,16869,8.5
37,1601243,6.0
37,698508,7.0
37,106646,8.2
37,762509,6.4
37,1072699,3.9
37,744,8.8
37,337167,5.7
37,70345,4.7
37,453395,7.8
37,1429738,7.0
37,1470130,4.8
37,53651,6.4
37,120,7.3
37,1249508,1.0
37,1241436,7.9
37,580489,6.5
37,773543,5.6
37,646380,7.8
37,558449,6.2
37,533967,1.0
37,254472,5.2
37,616037,7.2
37,1170608,1.0
37,385687,6.9
37,140607,6.8
37,787,5.7
37,744275,7.3
37,107257,5.1
37,293167,6.9
37,875828,7.1
37,497,9.9
37,577953,7.9
37,115,8.5
37,1575337,9.4
37,1167307,7.3
37,1381027,6.1
37,245891,8.1
37,59210,7.1
37,381283,6.8
37,1274089,1.0
38,115,6.5
38,309768,2.7
38,171776,2.9
38,13012,7.5
38,917496,6.2
38,281957,8.1
38,1588846,5.2
38,1253000,7.1
38,38,8.0
38,244998,1.0
38,254023,4.9
38,52947,7.4
38,938150,9.2
38,1566269,6.8
38,1241752,4.9
38,1633264,8.5
38,481526,1.0
38,49013,6.0
38,77,10.0
38,122,10.0
38,62,7.8
38,493529,8.9
38,1297842,8.5
38,198184,6.5
38,11770,7.3
38,1151334,6.2
38,1389149,7.1
38,498731,1.0
38,1485085,1.0
38,8587,9.0
38,9552,7.7
38,18491,9.4
38,1022789,7.3
38,1175942,6.2
38,77338,9.4
38,242,6.1
38,10191,9.3
38,117878,4.2
38,218,7.1
38,38757,7.8
38,68721,6.0
39,723355,3.7
39,1195506,9.0
39,198184,6.6
39,950387,7.1
39,489,9.0
39,1296462,7.1
39,616037,6.4
39,1273221,1.0
39,1363123,5.6
39,498731,1.0
39,99861,6.8
39,766507,8.7
39,313369,10.0
39,127585,8.1
39,1383247,5.2
39,238,7.9
39,1180831,7.2
39,254,6.0
39,1022789,7.9
39,1893,8.3
39,129,8.8
39,537915,6.8
39,912480,6.8
39,670292,7.8
39,957119,6.1
39,1266127,6.8
39,45933,4.8
39,171776,4.3
39,10830,8.1
39,1305781,5.9
39,1428862,6.6
39,254023,6.2
39,84060,4.5
39,546554,7.5
39,634649,8.3
39,334543,8.3
39,693134,7.7
39,19995,4.7
39,1646787,4.7
39,4234,6.5
39,8467,5.8
40,1147411,7.0
40,453395,7.6
40,875828,8.2
40,1589891,7.3
40,681434,7.9
40,354912,8.7
40,1430,9.0
40,460458,6.7
40,3933,7.1
40,1450527,6.3
40,1301994,1.5
40,16090,6.7
40,14160,7.6
40,533535,7.1
40,999136,6.2
40,1401778,6.3
40,1197306,7.6
40,755679,1.0
40,299054,4.9
40,1326106,8.8
40,346,8.6
40,206647,6.3
40,339403,7.1
40,687163,7.1
40,257344,3.8
40,1406657,8.6
41,1192548,5.7
41,1087891,6.1
41,1032823,6.2
41,1022787,6.1
41,348350,6.6
41,1511417,5.8
41,10674,8.1
41,141052,5.5
41,840464,6.1
41,640,7.6
41,533535,7.9
41,1184918,8.3
41,949,8.4
41,558,8.5
41,19404,9.1
41,934468,1.0
41,703221,1.0
41,1295400,7.0
41,1218925,8.3
41,637,8.4
41,423,9.1
41,381283,5.8
41,1363123,6.7
41,384018,7.4
41,81,5.2
41,836988,7.0
41,78,8.1
41,275,7.3
41,115724,4.4
41,1291335,5.2
41,1930,7.2
41,1198984,4.8
41,701387,8.5
41,378584,7.5
41,102382,6.5
41,1078600,6.6
41,1078605,7.5
41,206647,5.8
41,799882,6.4
41,1628116,6.7
41,1316092,6.9
41,552524,8.2
41,299536,8.0
41,399055,6.9
41,1084242,7.3
41,105,8.8
42,1363123,6.2
42,467905,8.9
42,76493,6.4
42,863,7.1
42,424783,5.6
42,400928,8.6
42,1424965,3.3
42,1327688,8.4
42,1097549,5.4
42,1117857,6.7
42,1278126,1.0
42,38365,4.4
42,809,8.5
42,950387,6.2
42,1272837,8.8
42,620,8.3
42,1156593,6.2
42,389,9.8
42,1314481,1.0
42,1280738,1.0
42,105,10.0
42,2105,5.8
42,101307,7.7
42,1062722,5.4
42,603,7.7
42,696393,8.6
42,2062,8.3
42,1071585,7.0
42,284052,6.7
42,1419406,8.2
42,106,7.4
42,1241436,5.7
42,524047,9.2
42,639933,6.4
42,1248226,4.7
42,801335,7.6
42,870028,8.9
42,481526,1.0
42,378584,8.3
42,102039,7.7
42,198663,6.1
42,1284460,5.3
42,38700,9.6
42,271110,7.7
42,936108,5.5
42,424694,6.9
43,29403,6.6
43,1147411,7.4
43,986056,6.3
43,519465,7.1
43,9475,7.2
43,836988,6.1
43,803796,8.1
43,861,8.6
43,354912,8.4
43,135397,7.1
43,674,8.0
43,1241436,8.3
43,346364,7.1
43,203121,4.7
43,1248226,5.9
43,875828,8.8
43,308624,6.5
43,257344,6.5
43,278,7.4
43,309768,2.2
43,657599,1.0
43,84060,3.7
43,137,6.1
43,10528,7.2
43,399579,8.1
43,419430,6.0
43,698687,8.6
43,24,7.5
43,273477,5.9
43,424,9.3
43,82545,7.2
43,198663,6.2
43,115,7.9
43,208467,4.4
43,1010755,5.5
43,465109,5.0
43,284054,7.2
43,14836,9.1
43,408,7.6
43,91314,5.7
43,1061474,6.3
43,119450,7.1
43,228150,8.8
44,1323263,1.0
44,335983,8.2
44,1585,8.4
44,293167,7.3
44,493529,7.9
44,657599,1.4
44,1582328,1.0
44,74,6.9
44,1119878,4.9
44,2048,8.6
44,58,7.1
44,76493,5.9
44,687163,8.4
44,1470130,5.1
44,101,8.2
44,1241470,6.7
44,290859,5.6
44,363088,7.8
44,359410,6.2
44,75656,7.2
44,1078600,7.3
44,216015,4.1
44,9898,4.4
44,120,9.2
44,1495634,1.3
44,602,6.8
44,399566,6.3
44,1108427,1.0
44,83533,6.7
44,171776,3.8
44,57214,5.7
44,8681,7.1
44,508943,9.1
44,82545,6.8
44,419430,10.0
45,383498,6.2
45,1284120,9.0
45,37165,6.6
45,615777,6.3
45,1497970,6.3
45,1084187,6.0
45,345,7.7
45,1495694,6.1
45,278,8.7
45,384018,7.3
45,1271,8.1
45,1306368,7.3
45,419430,7.8
45,434853,5.6
45,646385,7.0
45,37408,4.4
45,339331,4.2
45,339403,8.0
45,639933,6.0
45,22383,6.9
45,1480295,6.8
45,1495483,1.0
45,273481,8.9
45,114891,4.1
45,810,5.1
45,117389,4.9
45,1010755,4.6
45,348,9.2
45,598,8.1
45,260513,6.7
45,4234,7.0
45,1323263,1.0
45,687163,9.4
45,209112,7.1
45,657599,1.0
45,1422,8.3
45,770,7.4
45,119450,8.6
46,447273,2.5
46,13494,5.8
46,9276,6.3
46,36557,8.7
46,177572,7.7
46,1306368,6.5
46,1253000,6.6
46,106,7.7
46,1426964,5.7
46,1275779,1.2
46,403604,1.0
46,128,8.0
46,1234821,6.6
46,3933,7.0
46,602,5.5
46,1734,5.8
46,10192,4.7
46,1198994,9.0
46,14537,8.7
46,8392,6.4
46,402900,6.6
46,1368337,1.0
46,436270,10.0
46,102382,6.6
46,351286,5.7
46,205596,8.3
46,1628116,6.7
46,42456,5.2
46,102039,6.0
46,281957,6.8
46,533535,9.0
46,11688,7.4
46,1424965,5.8
46,912649,6.4
46,402431,7.3
46,4234,5.4
47,723355,4.1
47,546554,7.5
47,1726,7.1
47,101,8.1
47,1058710,7.7
47,938150,7.8
47,1084242,7.3
47,505642,7.3
47,862,8.1
47,672,8.4
47,1071585,8.8
47,49521,6.8
47,6977,8.4
47,1266127,7.3
47,18491,8.6
47,45933,2.9
47,126889,6.8
47,298618,7.5
47,889737,5.7
47,615656,5.6
47,4233,5.9
47,2501,7.4
47,4247,6.2
47,36647,6.8
47,810,7.0
47,152601,8.5
47,242582,8.6
47,1949,8.8
47,530385,6.4
47,102382,7.7
47,262267,2.1
47,102651,7.3
47,621,7.2
47,1646787,2.6
47,896286,1.4
47,73861,4.8
47,278154,6.7
47,524047,6.7
47,939243,7.0
47,12,7.7
47,370172,5.8
47,1510378,2.0
47,787699,6.0
47,280,7.8
48,293660,7.6
48,4258,5.3
48,257211,7.3
48,787699,4.9
48,197,7.9
48,320288,5.9
48,370172,7.7
48,168259,6.2
48,1273221,1.0
48,420817,5.8
48,73861,5.5
48,940551,8.0
48,50014,8.8
48,1495,6.6
48,354912,9.2
48,10591,6.7
48,1280282,6.2
48,402431,8.8
48,447365,7.5
48,49026,8.9
48,845781,6.7
48,1159559,6.0
48,533535,6.7
48,1396,8.1
48,1156593,6.7
48,559,6.4
48,701387,7.5
49,38700,8.4
49,402900,6.0
49,1424965,7.0
49,1601243,7.7
49,812583,6.1
49,343611,6.9
49,77338,9.2
49,335797,5.7
49,84060,4.2
49,1191876,1.0
49,381288,7.9
49,27,2.9
49,861,6.1
49,561362,6.4
49,597,8.6
49,24,6.7
49,512200,6.5
49,122,8.5
49,6977,7.4
49,29403,4.9
49,9462,7.9
49,1234821,5.9
50,1084187,7.0
50,343611,5.9
50,29403,6.4
50,353081,6.2
50,673,7.9
50,490132,8.2
50,646380,7.1
50,11324,7.9
50,562,7.5
50,20616,5.1
50,338953,6.0
50,1600672,7.8
50,320288,5.5
50,1495483,1.0
50,162,8.6
50,920,7.6
50,840326,8.0
50,1091,7.7
50,460458,5.1
50,93077,4.7
50,50646,6.9
50,985939,7.5
50,11688,9.1
50,246,7.9
50,11152,6.4
50,207703,7.5
50,723355,5.1
50,1010581,5.9
50,8961,6.9
50,1252309,6.8
50,769,6.9
50,1197306,7.4
50,1485085,1.0
50,1539104,4.4
50,381283,6.8
50,299054,6.2
50,680,9.2
51,318256,6.7
51,453,7.9
51,84060,4.9
51,381288,8.3
51,381283,5.2
51,940721,7.7
51,604,5.7
51,299536,10.0
51,93685,5.4
51,934468,1.0
51,12153,8.2
51,1087891,7.3
51,840464,7.5
51,2288,6.9
51,1058710,5.9
51,311,9.0
51,698687,7.5
51,1700,8.3
51,1368337,1.2
51,1643729,10.0
51,510,8.6
51,24,7.6
51,273248,8.2
51,273477,6.5
51,1646142,5.2
51,59,7.5
51,118340,7.2
51,102382,5.6
51,502356,8.8
51,53651,5.4
51,2109,7.1
51,75656,5.9
51,324857,9.9
51,77,6.7
51,273481,7.9
51,110323,6.7
51,604079,6.0
51,242,7.6
52,254472,5.8
52,999136,3.8
52,1147411,9.4
52,272,7.6
52,1396,9.3
52,45933,4.9
52,1287141,6.3
52,1498780,10.0
52,1327819,8.1
52,912480,8.0
52,1314481,1.0
52,671,9.2
52,950387,6.7
52,6479,7.3
52,717586,6.6
52,74,7.6
52,55663,6.6
52,1412598,5.7
52,1061474,7.3
52,476651,5.4
52,1292695,5.7
52,14262,7.9
52,936075,1.3
52,9462,6.3
52,6844,7.6
52,812037,6.1
52,920,6.9
52,9737,6.8
53,8065,7.0
53,114891,4.7
53,77338,8.7
53,1196067,6.0
53,423108,8.7
53,1389149,4.8
53,330457,8.4
53,524047,7.8
53,104308,7.0
53,329505,8.0
53,2061,4.9
53,77,6.0
53,524434,7.2
53,363088,8.1
53,1470130,5.5
53,1319895,6.3
53,803796,6.1
53,22383,7.3
53,604,7.0
53,242,6.5
53,36647,7.2
53,588,6.4
53,618214,6.3
53,3933,9.3
53,24,7.6
53,391706,1.0
53,948,6.6
53,1087192,7.5
53,926393,9.7
53,1589891,5.6
53,10138,4.6
53,848116,4.7
53,429617,8.2
53,16090,8.0
53,1084187,7.9
53,2288,8.6
54,290859,7.1
54,862739,7.1
54,31393,4.5
54,672,7.1
54,9479,9.6
54,414906,5.8
54,1650558,4.5
54,9276,5.9
54,271110,7.2
54,670292,7.1
54,1262,5.6
54,93077,4.6
54,8467,8.0
54,320288,6.9
54,11036,9.1
54,1084244,1.0
54,49013,6.6
54,1566269,6.4
54,630,10.0
54,681434,5.9
54,508442,8.5
54,1633264,5.8
54,1278101,7.3
54,19404,9.0
54,115,8.0
54,967941,6.7
54,1366,7.7
54,1402,7.5
55,1124,7.4
55,194,8.1
55,333339,7.9
55,149218,6.4
55,23683,4.9
55,677638,9.4
55,1650558,3.4
55,665,7.4
55,203121,6.6
55,1637319,7.3
55,4234,6.3
55,533535,8.0
55,1265609,6.7
55,840464,6.0
55,639988,8.1
55,1253000,6.7
55,16859,7.5
55,1314786,6.8
55,311,8.4
55,1131759,8.7
55,934468,1.0
55,1234731,6.0
55,534,6.1
55,2061,7.8
55,11583,6.3
55,1066313,9.4
55,1032892,4.1
55,938150,8.2
56,1650558,4.5
56,562,8.3
56,396422,7.0
56,1084187,7.1
56,297802,7.5
56,940551,5.5
56,129,7.6
56,1151031,5.6
56,1205225,5.9
56,181812,5.9
56,284052,7.3
56,1258151,6.6
56,1406657,7.2
56,9479,6.1
56,1403735,5.2
56,354912,9.3
56,857,8.3
56,296096,6.3
56,102039,6.8
56,1223601,8.5
56,1317149,9.1
56,3933,7.6
56,403604,1.0
56,941109,7.2
57,64682,7.2
57,1278126,1.0
57,14,7.3
57,38575,6.8
57,1362514,5.6
57,1376434,8.3
57,429,8.0
57,1278101,8.2
57,372058,9.8
57,1197137,5.1
57,1124015,1.0
57,1022789,7.9
57,315837,6.8
57,974576,5.9
57,588,7.8
57,122917,8.0
57,999136,6.2
57,1205225,5.3
57,152601,6.3
57,11688,9.0
57,6844,6.7
57,1184918,7.6
57,872585,8.5
57,62029,4.4
57,453395,5.9
57,436969,7.6
57,1078023,6.5
57,420817,8.5
57,1124,9.5
57,597,9.5
58,639933,7.4
58,1151031,7.3
58,27205,8.5
58,286687,7.3
58,574475,6.2
58,911430,6.5
58,1724,7.6
58,640146,5.5
58,257344,6.2
58,577922,6.4
58,8358,10.0
58,98,8.6
58,569094,8.1
58,283995,7.7
58,1197137,5.9
58,1003596,1.0
58,114891,4.3
58,1241982,6.6
58,315635,8.7
58,378584,7.0
58,273248,8.6
58,1266990,6.7
58,969681,1.0
58,1029575,7.6
58,1646142,6.4
58,1326106,8.6
58,1328803,6.4
58,378236,4.7
58,1234731,8.0
58,755898,4.6
58,620,6.8
58,11583,7.0
58,4247,5.9
58,1408208,5.0
58,166428,8.7
59,27205,8.2
59,38575,6.6
59,329,8.1
59,14638,7.6
59,1266990,7.4
59,283827,4.9
59,1634301,5.9
59,140607,6.0
59,68721,7.4
59,454626,5.6
59,822119,4.2
59,16090,7.5
59,68718,8.6
59,366232,3.8
59,661374,6.9
59,9820,7.8
59,1321179,7.9
59,249397,6.3
59,19995,8.2
59,333339,6.5
59,498731,1.2
59,493529,7.9
59,1450527,4.5
59,1029575,7.4
59,205596,8.1
59,799882,5.5
59,129,10.0
60,1241982,5.9
60,1448560,6.7
60,563535,1.0
60,787699,6.1
60,76600,6.8
60,769,7.8
60,42456,6.5
60,1010581,7.4
60,315162,9.6
60,339403,8.3
60,495764,8.1
60,329865,6.9
60,1440049,5.8
60,1891,7.7
60,1011985,7.6
60,396535,7.7
60,155,7.7
60,101307,8.0
60,640146,6.3
60,76493,7.5
60,1205225,4.6
60,79871,5.5
60,762509,8.5
60,948,7.8
60,20352,9.8
60,1439112,6.0
60,299054,5.5
60,1048923,5.8
60,597,7.2
60,10591,7.1
60,11970,6.9
60,676,7.9
60,105825,4.8
60,438631,6.9
60,10528,6.9
60,377,7.0
60,1367763,5.7
60,58008,5.2
61,500,7.9
61,718930,6.9
61,1339876,7.7
61,38757,7.5
61,1523145,7.3
61,516486,9.0
61,1306368,7.2
61,12444,7.9
61,619979,3.9
61,496243,7.8
61,640,9.7
61,857,8.9
61,101,9.2
61,650033,5.8
61,574475,7.6
61,620,6.3
61,316029,8.7
61,1035259,6.5
61,24,7.6
61,149218,5.2
61,1367763,6.1
61,854,4.9
61,1771,6.7
61,447365,8.1
61,114,7.9
61,976573,8.0
61,533535,9.0
61,38700,7.9
61,381283,8.2
61,114891,4.0
61,436270,5.1
61,11583,6.7
61,680493,5.3
61,1429605,5.4
61,1032823,4.5
61,624860,7.8
61,166426,6.5
61,99861,7.5
61,5879,5.7
61,245700,6.4
61,604,7.6
61,986056,8.3
61,534,6.3
61,454626,7.6
61,862739,5.6
62,55663,6.0
62,1108427,1.0
62,561362,6.8
62,577953,7.4
62,246655,5.7
62,10830,6.7
62,1213898,5.9
62,338953,6.5
62,98566,5.6
62,1078600,6.4
62,62201,7.8
62,345,8.5
62,1646142,5.9
62,251,7.6
62,76341,7.3
62,82690,7.5
62,423,9.1
62,257344,6.8
62,787699,6.0
62,270303,7.3
62,49521,7.4
62,299536,7.0
62,11770,6.5
62,672,8.4
62,38,6.9
62,969681,2.0
62,10192,6.9
62,346364,6.7
62,209112,5.3
62,376867,6.6
62,297762,7.0
62,862739,5.6
62,862,8.8
62,57214,9.2
62,1585,9.7
62,1195506,8.7
62,1316092,5.1
62,118,7.5
62,920,7.1
62,10867,6.6
62,639988,8.2
62,14161,7.2
62,822119,5.8
62,36647,7.1
62,312221,6.8
62,7485,4.4
63,1208348,9.2
63,879945,8.5
63,1572073,3.0
63,1171145,5.6
63,348084,3.2
63,269955,6.5
63,875828,6.3
63,507086,5.8
63,1485085,1.0
63,1734,7.0
63,1097549,5.2
63,698508,8.8
63,283995,7.8
63,14,7.0
63,534,6.7
63,58,6.5
63,311,9.0
63,420817,8.5
63,436264,1.0
63,976573,8.4
63,1088434,6.8
63,786892,5.9
63,823219,8.3
63,246,6.6
63,12444,8.0
63,1637319,7.2
63,934456,6.8
63,949,8.6
63,361743,8.8
63,423108,7.5
64,311,7.5
64,1062722,6.9
64,101,7.9
64,810693,7.4
64,1108427,1.0
64,1511789,2.7
64,62201,5.5
64,444796,4.3
64,309768,1.3
64,434853,6.2
64,1144107,7.8
64,424694,6.8
64,588,8.7
64,1123287,7.2
64,588228,9.9
64,385128,6.3
64,8960,5.1
64,329865,7.7
64,129,9.4
64,466272,6.9
64,650524,4.0
64,312221,8.4
64,131631,8.2
64,348350,7.6
64,1592032,6.6
64,982843,7.1
64,1865,7.7
64,1159559,7.2
64,285,6.7
64,941109,7.0
64,137051,5.6
64,36304,5.1
64,1091,9.4
64,4248,5.1
64,524047,8.4
64,621,7.1
64,27205,8.6
64,9462,8.5
64,2062,10.0
64,1284460,7.3
64,436270,6.2
64,91314,7.5
64,1403735,5.1
64,822119,6.0
64,1637319,7.5
64,1368337,1.0
65,102651,6.1
65,481526,1.0
65,1592032,7.3
65,309768,2.1
65,563535,2.2
65,14161,7.1
65,129,10.0
65,1276704,5.0
65,1646142,4.9
65,8961,8.1
65,7451,5.4
65,16415,4.5
65,1284460,7.0
65,1362514,7.3
65,514847,7.1
65,1363123,7.7
65,280,8.1
65,1199193,7.2
65,493922,6.2
65,823219,7.3
65,1131759,7.1
65,65460,3.9
65,1893,6.0
65,530385,7.8
65,1032823,6.5
65,424694,7.4
65,1427832,6.2
65,1246945,1.0
65,650524,8.0
65,1241436,7.9
65,1213898,6.7
65,411,7.3
65,101299,7.2
65,1108427,1.0
65,29403,7.9
66,1119449,7.3
66,74,7.2
66,25862,4.4
66,272,6.6
66,1197137,6.5
66,24428,9.5
66,27578,5.2
66,1284460,6.8
66,848116,6.6
66,1241982,7.4
66,208467,2.8
66,803796,8.7
66,481526,1.0
66,385128,8.2
66,84577,2.3
66,278,8.5
66,391706,1.0
66,1317288,7.0
66,423108,8.5
66,787699,7.3
66,1032892,6.1
66,278154,4.5
66,484641,6.8
66,396535,7.7
66,293660,8.5
66,176,7.8
66,283995,7.8
66,10192,6.9
66,955,4.9
66,583198,5.8
66,384018,8.0
66,117389,4.5
66,1412598,5.0
66,62201,6.7
66,93685,5.1
66,4256,6.0
66,1426964,5.1
66,84060,3.9
66,77,9.6
66,109445,7.3
66,423,9.2
66,1511417,5.3
67,424783,7.1
67,1236153,6.4
67,836988,5.3
67,1124566,6.2
67,812037,7.1
67,14161,7.9
67,280,6.9
67,140607,6.6
67,396535,8.7
67,1097549,5.0
67,1628123,10.0
67,786892,5.8
67,2048,6.0
67,588228,5.6
67,912480,6.0
67,1124,8.7
67,698508,7.0
67,1110034,7.8
67,569094,10.0
67,1291335,6.3
67,1813,7.0
67,62201,7.6
67,1408208,6.5
67,639933,6.6
67,680,9.9
67,84060,5.0
67,114,6.7
67,214756,7.9
67,283827,4.1
67,19404,7.5
67,293167,8.2
67,495764,6.9
67,862,7.6
67,10625,7.5
67,348084,1.0
67,81,7.9
67,696506,9.1
67,1084242,8.1
68,9552,8.9
68,41446,6.8
68,917496,8.6
68,226857,7.5
68,10625,7.1
68,1278101,9.5
68,270946,6.8
68,9737,7.9
68,259316,7.4
68,1363123,6.9
68,1593,7.1
68,346,6.7
68,823464,5.7
68,378064,7.7
68,1124566,8.9
68,1466115,8.4
68,677638,8.4
68,938150,6.5
68,1084187,6.7
68,168259,6.8
68,945961,7.1
68,957119,7.2
68,315635,6.1
68,1022789,9.0
68,9898,4.9
68,1066313,5.5
68,939243,6.2
68,176,8.4
68,11324,9.0
69,14,8.6
69,12,8.9
69,156022,5.8
69,801335,6.7
69,383498,7.1
69,106,7.6
69,1290821,5.7
69,1637319,7.5
69,674,7.0
69,121,8.1
69,911430,7.8
69,104308,5.6
69,1241436,6.4
69,424,9.8
69,812583,6.9
69,1328803,7.2
69,639933,7.8
69,11235,6.0
69,76492,6.4
69,1296462,8.9
69,1088434,7.8
69,687163,9.3
69,1575337,9.3
70,339403,6.8
70,734286,7.5
70,1062722,9.6
70,547012,6.7
70,64682,8.1
70,1589891,8.6
70,27,4.5
70,47971,4.2
70,77,7.6
70,15856,6.5
70,181808,7.7
70,1246945,1.0
70,399579,7.2
70,105,6.5
70,976573,6.0
70,8392,7.8
70,539,5.9
70,934433,7.2
70,118340,8.8
70,1084244,1.0
70,1019361,1.0
70,120,8.8
70,62,8.8
70,1100988,6.9
70,681434,4.9
70,1511789,5.4
70,598,9.1
70,73861,5.2
70,811677,1.0
70,138843,7.4
70,246655,7.3
70,762509,4.8
70,228150,7.0
71,1284120,6.7
71,1396,6.4
71,99861,6.4
71,240,8.7
71,13012,7.3
71,9502,7.1
71,1249508,1.0
71,1248226,4.3
71,1813,8.1
71,823464,5.9
71,1066313,7.0
71,152601,7.4
71,1949,8.8
71,572802,5.1
71,1634301,8.3
71,657599,1.0
71,1362315,5.0
71,38700,5.2
71,1199193,7.5
71,257211,7.4
71,290098,7.1
71,49444,7.2
71,24,9.5
71,1033148,7.2
71,578,8.2
71,424694,9.6
71,1323263,1.0
71,281957,8.2
71,1010755,6.8
71,13,10.0
71,8960,6.4
71,10591,7.4
71,1633264,5.2
71,812037,6.9
71,28322,3.3
71,351286,6.4
71,11235,7.4
71,399055,6.2
71,52947,5.2
71,1734,5.7
72,14262,6.9
72,1317288,6.8
72,552524,7.9
72,23683,3.2
72,934456,7.8
72,102382,7.4
72,458156,8.6
72,207703,7.7
72,1771,5.7
72,37724,5.8
72,12,6.1
72,1084187,7.9
72,298618,6.0
72,411,7.6
72,585,7.6
72,383498,6.7
72,157336,8.5
72,1628123,7.6
72,44214,6.7
72,402900,6.3
72,1323263,1.0
72,24,7.7
72,240832,6.3
72,387006,1.0
72,12155,6.4
72,1022787,6.7
72,580489,6.0
72,578,6.9
72,49444,7.4
72,1091,9.9
72,950396,8.5
72,281957,7.9
72,615656,6.3
72,38575,5.8
72,1362514,4.8
72,823464,6.2
72,96712,8.1
72,476651,5.8
72,284054,7.1
72,13483,6.4
72,299537,7.4
72,1363123,6.9
72,982843,6.9
72,991494,5.3
72,1572073,2.7
73,10950,7.9
73,57214,6.0
73,862,6.7
73,799882,6.6
73,787,6.4
73,934456,7.0
73,1083637,5.9
73,9276,6.4
73,1643729,10.0
73,1266990,6.4
73,273477,7.0
73,1429738,6.9
73,567609,6.9
73,616037,6.1
73,1430,7.3
73,214756,5.4
73,117878,5.4
73,29403,5.9
73,1368166,7.0
73,1314481,1.0
73,803796,9.3
73,8065,7.3
73,75656,7.5
73,1443374,1.0
73,840464,6.4
73,73861,3.5
73,1417,6.5
73,2501,7.6
73,893694,4.2
73,12153,7.7
73,1242419,9.8
73,1156593,8.3
73,284054,8.7
73,552524,8.0
73,1401778,7.3
73,11152,5.6
73,453395,6.5
73,845781,8.5
74,670292,8.9
74,10591,6.8
74,102651,4.2
74,1280282,7.5
74,866398,6.4
74,718930,8.1
74,1610901,1.1
74,12153,6.7
74,572802,5.9
74,1258151,6.5
74,1295400,8.2
74,206647,5.9
74,574475,6.6
74,545611,8.4
74,1353333,6.1
74,674,8.1
74,346364,8.1
74,1406657,8.1
74,131631,7.0
74,533533,5.3
74,1033148,6.1
74,120467,10.0
74,414906,9.7
74,1087891,8.6
74,82702,7.0
74,73,7.9
74,11036,8.6
74,460458,6.0
74,348350,5.4
74,13,9.0
74,505642,8.5
74,1891,8.1
74,89059,6.4
74,18491,8.7
74,284053,5.9
74,76338,5.9
74,171776,5.4
74,226857,5.4
74,13012,7.8
74,101,9.4
74,1724,8.4
74,128,9.4
74,1316092,9.2
74,447332,7.8
74,83533,7.4
74,9820,7.1
74,203121,7.1
74,166428,8.2
74,289936,2.8
74,1241752,6.4
75,2061,6.0
75,1119878,5.7
75,444796,4.0
75,346,7.9
75,11770,4.1
75,1242898,6.0
75,583198,7.4
75,2062,7.2
75,68721,7.0
75,1456349,8.4
75,363088,5.3
75,12,6.8
75,1144107,9.6
75,1572073,3.6
75,20352,7.9
75,85,9.1
75,70345,6.6
75,575265,7.9
75,10625,7.1
75,564,6.0
75,4951,7.0
75,104308,8.5
75,62029,6.3
76,552524,6.3
76,1316092,5.8
76,1196067,3.2
76,65460,4.7
76,615457,7.6
76,194,8.1
76,1317288,8.1
76,430548,2.6
76,335787,7.5
76,85,8.8
76,280,7.6
76,687259,5.3
76,1257009,6.0
76,746036,6.0
76,530385,8.2
76,787699,7.9
76,858024,8.8
76,1170608,1.0
76,383498,7.1
76,1403735,5.2
76,284053,7.4
76,93077,4.7
76,508883,6.3
76,1401778,7.5
76,429617,7.2
76,121,9.2
76,1064213,6.2
76,281338,6.7
76,1489187,9.0
76,617126,7.8
76,1328803,6.5
76,296096,8.4
76,350,6.6
76,1327819,8.2
76,166426,5.6
76,38700,7.9
76,607,6.6
76,1362514,4.9
76,438631,7.2
76,338953,6.4
76,533967,1.0
76,309768,1.9
76,10528,8.1
76,131631,5.1
76,1734,6.1
76,424,8.3
76,73,9.7
76,1497970,4.3
76,4232,5.8
76,1123287,7.3
77,767,8.0
77,1011477,6.9
77,50646,7.2
77,346698,6.1
77,1724,6.4
77,165,8.3
77,453395,5.0
77,166426,6.5
77,866398,7.3
77,41446,4.9
77,1003596,1.0
77,912649,8.2
77,1323263,1.0
77,24,8.3
77,893694,4.4
77,8392,10.0
77,285,8.5
77,348350,7.1
77,657599,1.0
77,181812,6.9
77,72824,4.2
77,674,6.6
77,13012,7.7
77,1327862,7.1
77,10830,8.9
77,420817,8.8
77,14836,6.8
77,315837,5.5
77,2061,5.0
77,82545,7.2
77,1317149,9.9
77,381288,6.9
77,1257009,5.1
77,578,6.7
77,10198,7.1
77,1310568,5.0
77,1233413,8.7
77,4935,8.8
77,458156,7.7
77,507244,6.5
77,1555895,5.6
77,238,8.6
77,1084242,7.5
77,137,7.5
77,1226863,7.5
77,524047,6.7
77,283995,8.8
77,77,8.4
78,16415,5.2
78,1482474,1.3
78,1305781,6.6
78,985939,7.0
78,801335,8.1
78,73,9.2
78,755898,5.3
78,1262,7.2
78,10020,6.0
78,1589891,8.7
78,1734,6.8
78,1511789,6.5
78,181812,6.2
78,671,6.9
78,755679,1.0
78,269955,6.3
78,396422,6.4
78,70345,4.3
78,1470130,5.7
78,1241470,6.0
78,1266992,5.0
78,289936,2.7
78,22383,7.9
78,131631,7.8
78,762441,7.4
78,1314786,8.7
78,1724,4.1
78,385128,7.4
78,391706,1.0
78,1208348,9.8
78,1297842,5.6
78,1893,6.3
78,423765,1.0
78,119450,8.3
78,275,8.9
78,399566,9.1
79,135397,7.1
79,1327819,7.2
79,1584215,8.1
79,83533,7.1
79,68726,6.6
79,259316,6.7
79,1555895,7.4
79,73,9.3
79,361743,10.0
79,119450,6.4
79,77,6.6
79,1180831,4.7
79,38700,6.8
79,1326106,6.5
79,475557,7.8
79,298618,5.8
79,1566269,4.1
79,146233,7.4
79,640146,4.9
79,502356,6.7
79,296096,7.8
79,769,9.0
79,1242501,6.6
79,275,7.8
79,497698,6.3
79,337167,9.1
79,1197306,4.7
79,1246945,1.0
79,171776,5.9
79,514847,6.5
79,875828,6.1
79,1171145,6.4
79,385687,6.4
79,672,6.5
79,324544,5.7
79,312221,7.6
79,933260,6.6
79,359410,7.6
79,870028,8.3
79,14160,7.6
79,1422,7.5
79,1482474,1.4
80,51354,9.3
80,11851,5.5
80,93077,5.7
80,238,9.2
80,845781,7.1
80,1249508,1.0
80,1353333,5.4
80,259316,8.7
80,13012,7.7
80,59,6.7
80,20616,3.8
80,447277,4.4
80,385687,7.6
80,566525,7.5
80,1198994,6.7
80,1062722,7.6
80,65460,4.2
80,129,8.0
80,101,7.4
80,275,6.0
81,49026,8.1
81,657599,1.0
81,62201,5.2
81,166428,8.8
81,872585,8.2
81,1246945,1.0
81,515771,5.4
81,246655,4.4
81,270946,6.2
81,359410,7.5
81,603692,6.3
81,1539104,6.8
81,1287141,6.1
81,87101,5.4
81,207,7.5
81,628847,5.8
81,301528,7.9
81,773543,4.7
81,541671,8.7
81,4935,8.1
81,559,6.8
81,101,8.4
81,916224,8.1
81,1383247,4.6
81,133200,7.8
81,1321179,8.8
81,1381027,8.3
81,1629382,4.5
81,14638,7.1
81,149218,5.0
82,254023,4.2
82,49026,7.7
82,4951,7.2
82,37408,7.1
82,119450,8.2
82,72105,7.6
82,1062722,7.4
82,1273221,1.5
82,1280282,8.3
82,423,9.2
82,977966,7.3
82,8960,6.4
82,1197306,6.3
82,1087891,4.9
82,372058,8.8
82,465109,6.9
82,723355,5.6
82,646385,8.3
82,533967,1.0
82,512200,7.7
82,20616,6.3
82,558,7.5
82,1249508,1.0
82,438148,6.9
82,1131759,6.1
82,82545,6.4
82,269955,6.0
82,1184918,10.0
82,1646142,6.2
82,270946,6.9
82,1314481,1.0
82,58,6.4
82,10195,6.7
82,16859,9.3
82,23683,4.3
82,1482474,1.0
82,3933,7.4
82,967941,7.6
82,650524,3.9
82,78,6.7
82,453,7.5
82,1048923,6.9
82,205596,8.3
82,293660,7.6
83,374720,7.5
83,1131759,6.9
83,16415,5.0
83,16859,8.5
83,68718,7.8
83,315162,7.6
83,77,7.3
83,24,6.6
83,420818,7.3
83,270946,5.0
83,1633264,8.9
83,1310568,6.3
83,1038392,7.9
83,1010581,8.5
83,299534,8.3
83,10191,7.5
83,718930,8.1
83,1163974,7.5
83,912649,4.5
83,1242501,6.7
83,56292,7.4
83,245572,8.5
83,12444,9.1
83,10867,7.7
83,122,7.3
83,14262,6.1
83,141052,6.6
83,602,7.1
83,1197137,5.6
83,1248226,6.4
83,744275,6.2
83,1584215,7.1
83,1408208,8.3
83,157336,9.9
83,1376434,7.3
83,74,7.5
83,1078605,6.4
83,299536,8.0
83,773543,5.2
83,1197306,6.5
83,912480,5.8
83,389,9.5
83,78,7.6
83,911430,7.1
83,1495483,1.0
83,1813,8.2
83,99861,8.5
83,75656,8.8
83,157350,9.1
84,534,6.4
84,1466115,6.9
84,13,10.0
84,400928,8.4
84,1280282,6.3
84,870028,5.8
84,475557,7.9
84,912649,7.8
84,498731,1.0
84,334543,9.0
84,519465,7.1
84,621,7.2
84,507086,6.3
84,489,8.6
84,298618,5.7
84,807,9.5
84,1582328,3.1
84,533967,1.0
84,403604,1.0
84,156022,5.3
84,313369,7.6
84,1223601,7.8
85,309768,2.4
85,137,7.9
85,65460,5.9
85,580489,6.0
85,1275779,1.0
85,4247,4.9
85,68721,6.6
85,1290821,7.0
85,102039,4.3
85,8681,7.2
85,940721,7.4
85,102651,6.1
85,436270,5.2
85,9502,7.8
85,260514,8.7
85,218,8.4
85,150540,8.9
85,73861,5.1
85,841,7.4
85,49521,7.9
85,1198984,5.4
85,1628123,9.7
85,1248226,5.8
85,1891,8.8
85,680493,7.3
85,1205225,6.1
85,318256,5.1
85,324552,7.7
85,1321179,7.6
85,539,7.4
85,1278101,6.0
85,1124566,6.1
85,254,7.0
85,787699,6.7
85,11235,7.2
85,568124,7.5
85,1252309,5.5
85,2048,8.9
85,1396,7.5
85,107,8.4
85,453395,8.9
85,539972,5.5
85,176,7.4
85,1191876,1.7
85,209112,8.2
85,257211,7.1
85,1865,6.2
86,18491,7.5
86,257344,2.4
86,261639,1.0
86,11235,7.5
86,387006,1.0
86,1584215,4.6
86,378584,9.2
86,1600672,9.1
86,561362,6.2
86,350,6.4
86,1426297,4.4
86,424783,7.3
86,490132,8.1
86,1258151,5.4
86,2501,8.6
86,11152,7.4
86,1646142,6.7
86,1406657,3.8
86,146233,8.0
86,245891,6.3
86,13012,7.8
86,93685,4.2
86,109445,7.1
86,484641,4.7
86,102382,7.0
86,271110,7.8
86,615,7.9
86,14537,8.5
86,1572073,4.9
86,1241982,7.5
86,330457,8.1
86,848116,5.5
86,1087891,8.1
86,1865,6.1
86,547012,4.6
86,286687,6.8
86,359410,5.0
86,10192,6.7
86,624860,6.7
86,9806,8.9
86,400928,7.7
86,1087192,8.8
86,278154,6.5
86,762509,7.6
87,534,6.4
87,177677,5.2
87,262267,3.3
87,681434,8.3
87,1276171,1.0
87,539972,5.7
87,1401778,5.6
87,870028,7.9
87,150689,8.9
87,298618,5.0
87,1159559,3.3
87,985939,8.4
87,42456,5.7
87,101,7.7
87,170,7.0
87,2288,6.7
87,391706,1.0
87,508442,9.8
87,14160,7.5
87,1124,8.9
87,670292,7.1
87,1865,5.8
87,209112,6.2
87,1131759,5.5
87,320288,5.1
87,860410,10.0
87,1124015,1.0
87,512200,7.1
87,345,8.5
87,399055,8.8
87,263115,8.1
87,177572,6.7
87,15856,6.6
87,1007734,6.8
87,447273,2.8
87,423,8.0
87,338953,7.2
87,841,8.1
87,117,6.9
87,1280738,1.0
87,38,8.1
87,698687,8.5
88,558,5.8
88,4258,7.1
88,557,7.3
88,58008,6.3
88,238,9.4
88,218,8.1
88,1062722,8.9
88,1771,9.0
88,11324,10.0
88,324857,9.3
88,938150,5.9
88,1195506,6.4
88,381288,6.1
88,1192548,7.3
88,363088,8.9
88,297090,4.8
88,524434,6.7
88,429617,6.9
88,335984,6.4
88,601,10.0
88,270303,6.4
88,14,7.0
88,177677,7.6
88,1097549,4.7
88,280,10.0
88,73,9.1
88,489,6.5
88,822119,5.0
88,674,9.1
88,13494,4.0
88,917496,6.6
88,1301994,3.1
88,561362,7.4
88,156022,8.1
88,316351,5.6
88,38700,7.7
88,857,8.3
88,283827,5.7
88,16090,6.7
88,936108,6.0
88,493529,7.7
88,339331,4.5
88,676,6.8
89,44214,9.7
89,879945,8.5
89,628847,6.3
89,1228246,7.2
89,578,7.7
89,286687,6.6
89,348,6.7
89,280,8.0
89,28322,5.5
89,399566,7.7
89,49051,7.4
89,1097549,6.2
89,429,8.2
89,1523145,6.7
89,8966,5.5
89,16859,6.8
89,290098,8.6
89,1257009,6.9
89,1297842,6.5
89,107257,5.7
89,635302,8.9
90,812583,5.8
90,1029575,7.4
90,533535,7.6
90,1294203,7.9
90,453395,7.1
90,467905,6.3
90,1588846,7.5
90,560016,8.2
90,403604,1.0
90,1066313,7.9
90,1015998,6.3
90,617126,7.4
90,677638,8.1
90,496243,9.5
90,8960,4.6
90,967941,7.1
90,1054867,7.6
90,568124,7.3
90,181533,6.2
90,558449,5.4
90,533533,6.3
90,38365,5.5
90,122,8.6
90,577953,7.0
90,8681,6.8
90,1276171,2.0
90,285,8.0
90,822119,6.8
90,776503,8.7
90,1561687,7.8
90,1555895,6.8
90,429617,8.3
90,812,7.6
90,1171145,8.5
90,1495483,1.0
91,955,4.2
91,38700,6.8
91,974576,7.8
91,572802,6.0
91,507086,6.4
91,823464,5.4
91,1252309,4.7
91,273477,6.4
91,652,5.6
91,278154,5.5
91,240,9.1
91,1323263,1.0
91,58008,5.5
91,198663,6.2
91,676,6.2
91,346,8.1
91,377,7.0
91,414906,8.7
91,89,6.4
91,429,7.4
91,181812,6.1
91,1091,8.9
91,616037,5.0
91,505642,6.1
91,1242419,7.0
91,138843,6.7
91,680,7.6
91,1443374,1.0
91,1226863,8.1
91,27,6.5
91,101299,8.1
91,299534,8.8
91,27205,8.0
91,14537,9.2
91,251,6.7
91,137051,6.3
91,1253000,6.3
91,812037,7.3
91,93077,5.1
91,1633264,7.4
91,1430,4.8
91,290098,9.2
91,423108,7.1
91,1734,6.7
91,7485,6.5
91,6844,6.6
91,585511,9.5
91,1280282,6.7
91,1271,7.8
92,934433,5.7
92,703221,1.5
92,1280738,1.0
92,1482474,1.0
92,8966,8.4
92,146233,7.5
92,157336,6.7
92,6977,8.2
92,103,7.5
92,254472,5.7
92,1470130,4.2
92,384018,8.2
92,823464,7.9
92,329865,5.8
92,604079,6.4
92,1276171,1.0
92,516486,6.3
92,58008,4.0
92,1072699,7.9
92,1930,7.7
92,1058710,3.6
92,1274089,1.0
92,1180831,5.4
93,1317149,9.3
93,667538,6.4
93,284053,8.9
93,77,9.6
93,1088434,6.3
93,12,7.2
93,447277,6.2
93,7485,8.0
93,84060,5.5
93,320288,6.4
93,593643,6.4
93,807,9.3
93,161,9.2
93,1287141,6.3
93,1242501,6.7
93,1893,5.4
93,1072699,6.1
93,1430,6.7
93,1429738,6.6
93,297802,6.8
93,1561687,7.0
93,141052,5.3
93,345,9.4
93,244786,7.4
93,1585,6.5
93,661374,6.7
93,1119878,6.7
93,242582,5.1
93,889737,5.1
93,392044,5.5
93,507086,7.7
93,1124015,1.0
93,698687,8.7
93,940721,8.7
93,1234821,7.2
93,1078600,5.7
93,102382,6.3
93,1110034,6.8
93,22383,6.5
93,285,7.2
93,157336,9.4
93,62177,6.2
93,1054867,7.2
93,28322,4.9
93,1198994,7.4
93,572802,5.7
93,29403,8.0
93,1575337,8.8
94,510,9.4
94,135397,7.0
94,822119,7.0
94,976573,6.8
94,376867,7.9
94,1439112,7.1
94,723355,4.1
94,81,7.1
94,72105,6.6
94,420817,8.8
94,1628116,8.0
94,9470,5.6
94,896286,1.0
94,1428862,4.9
94,1015998,7.4
94,73861,5.5
94,858024,8.2
94,1015606,6.0
94,392044,8.0
94,207,7.8
94,1072699,7.7
94,149218,5.3
94,447332,7.1
95,353081,7.2
95,37724,6.1
95,568160,7.1
95,1276171,1.0
95,20616,4.9
95,49521,5.3
95,1220564,6.9
95,1066313,9.0
95,1424965,3.3
95,181533,6.8
95,866398,8.1
95,333339,6.8
95,603,8.1
95,1236153,8.3
95,980477,7.0
95,339331,5.9
95,1241752,6.0
95,1241982,6.1
95,345,9.3
95,1022789,8.4
95,1043197,7.6
95,585,6.3
95,1110034,7.2
95,862,7.0
95,168259,7.9
95,1724,4.1
95,1038392,5.5
95,278,8.0
95,335983,5.2
95,59,5.6
95,8392,8.4
95,13012,7.1
95,4232,7.5
95,290859,6.7
95,1171145,5.9
95,284276,3.5
95,76341,6.9
95,73,8.1
96,1266992,5.4
96,1290821,5.6
96,399566,7.3
96,744275,5.8
96,1295400,6.8
96,3933,8.7
96,1314786,6.4
96,1489187,8.0
96,1724,7.1
96,1497970,6.5
96,1015998,6.1
96,114,9.4
96,324552,7.9
96,1585,9.3
96,122,8.5
96,286217,7.6
96,283827,6.0
96,653346,7.6
96,1115544,7.5
96,1003596,1.0
96,508883,7.5
96,205596,7.6
96,1287141,5.6
96,1167307,8.3
96,377,6.7
96,228150,9.2
96,216015,5.6
96,1593,6.3
96,1417,8.8
96,11324,9.1
96,207703,9.7
96,262267,2.2
96,607,7.3
96,1276704,7.2
97,766507,7.3
97,1214931,8.0
97,283827,4.5
97,10195,7.4
97,1262,7.0
97,577922,7.0
97,574475,7.7
97,254023,4.6
97,977966,7.7
97,242,6.2
97,508442,9.6
97,11152,7.4
97,840464,5.6
97,564,8.1
97,490132,7.6
97,283995,8.5
97,37165,9.7
97,2109,7.8
97,620,7.0
97,10882,8.1
97,507086,4.8
97,639933,9.2
97,460458,7.2
97,1633264,6.1
97,31393,3.5
97,238,9.9
97,313369,7.9
97,28,9.5
97,299537,5.8
97,68726,6.8
97,141,7.9
97,290098,7.7
97,1241436,8.2
97,672,7.6
97,27205,8.4
97,1572073,4.6
97,35,6.1
97,1292695,6.7
97,118,5.1
97,929590,6.8
97,1426297,5.1
97,53651,5.8
97,803796,7.0
97,1048923,7.2
97,693134,8.6
97,1582328,1.0
97,1450527,5.9
97,98085,5.4
97,734286,8.1
97,9462,8.0
98,333339,6.4
98,275,7.0
98,24,8.6
98,165,8.2
98,10193,8.2
98,438631,8.3
98,226,7.6
98,73,9.3
98,49026,7.7
98,630,7.0
98,558,8.1
98,1078600,5.9
98,1495,6.4
98,36647,5.6
98,798645,5.0
98,1123287,7.8
98,120467,6.8
98,398818,8.3
98,135397,6.9
98,49444,7.1
98,1284120,7.7
98,872585,7.0
98,1412598,6.8
98,1401778,7.4
98,10192,6.3
98,681434,7.2
98,244998,1.0
98,290859,6.4
98,640,9.5
98,508442,9.2
98,257344,5.6
98,177677,8.5
98,254472,7.3
98,1593,8.5
98,458156,7.3
98,1078605,8.7
98,84060,6.0
98,447365,7.5
99,936108,6.1
99,955,5.6
99,76341,8.5
99,226,7.7
99,539972,7.7
99,934433,5.3
99,1124015,1.0
99,650033,4.2
99,269149,9.4
99,500,7.2
99,1579,6.8
99,104308,6.2
99,508943,6.8
99,1010581,5.6
99,1213898,5.9
99,27578,6.6
99,508442,9.5
99,687163,8.9
99,534,5.6
99,1495694,5.5
99,62,8.9
99,497698,7.6
99,14638,7.6
99,1163974,6.5
99,863,8.8
99,762441,8.6
99,1383247,5.2
99,467905,7.2
99,312221,7.6
99,74,6.3
99,1273221,1.0
99,1426297,7.5
99,117878,6.3
99,1305781,6.7
99,646385,7.9
99,381283,8.6
99,575265,6.4
100,1426964,5.2
100,1511789,4.9
100,773543,5.2
100,11036,7.0
100,1257009,6.1
100,77338,9.1
100,338953,6.8
100,1362514,3.7
100,240832,6.9
100,999136,5.2
100,25862,6.1
100,640674,1.0
100,18,9.7
100,137,7.3
100,561,6.8
100,615777,5.9
100,105825,5.9
100,1156594,6.9
100,1241752,5.6
100,530385,7.6
100,102039,5.1
100,798645,6.7
100,717586,5.8
100,155,9.1
100,177677,6.9
100,568160,7.0
100,378584,7.5
100,9475,7.4
100,516486,9.2
100,311,7.5
100,37724,8.1
100,1010581,6.8
100,8358,6.9
100,484641,7.9
100,269149,8.5
100,893694,4.9
